id,user_telegram_id,code,created_at
1,648981358,lDcXBr17,2025-10-15 19:50:53.918128
2,6800722380,0IQyGrCA,2025-10-15 22:30:25.760148
3,1991541246,OaB18ATg,2025-10-16 10:52:45.333566
4,1418546422,hkYyd3r,2025-10-16 11:15:47.002596
5,5271203404,kWVOc7f,2025-10-17 08:28:54.147081
6,1985296847,RCFs4FkC,2025-10-18 18:42:02.368269
7,228554409,2UBGda5,2025-10-19 17:06:22.959412
8,7360838675,y24bxZlA,2025-10-19 18:42:00.285532
9,5783402,x6Ysi8S9,2025-10-20 11:49:42.753493
10,6678728028,t2LF2cl9,2025-10-20 12:52:17.521341
11,1694653217,kxTQRRtQ,2025-10-20 14:17:59.327093
12,1129659059,LHf3biIz,2025-10-20 15:17:54.132696
13,486115239,tcXaNROS,2025-10-20 17:55:13.535027
14,629292380,Mbkzb4Xm,2025-10-20 22:41:50.415657
15,852102197,cpFwlKEA,2025-10-21 05:03:50.862692
16,788611025,tN1mm3E5,2025-10-21 06:04:39.149569
17,524002646,193LROkB,2025-10-21 14:21:06.023452
18,7381418572,fYXus5WB,2025-10-21 18:52:19.032604
19,233834871,fKFBV1pB,2025-10-21 20:45:30.385399
20,428540866,8BEZZUyj,2025-10-23 18:13:41.755322
21,1807119603,mt4uG9b,2025-10-24 06:00:10.18336
22,6971488583,5IvG58JH,2025-10-24 08:58:21.155404
23,285382143,DtD7Plha,2025-10-24 13:13:02.923212
24,1919773725,EVpjexv,2025-10-25 03:11:58.185355
25,893119636,RMpP1,2025-10-25 07:36:38.328939
26,6572556508,vd6SC9s,2025-10-25 10:41:13.145564
27,274232565,c1tR4ozr,2025-10-25 18:41:52.934304
28,771686828,sq74E6O,2025-10-26 11:50:28.160907
29,7526178509,SZP0UV2r,2025-10-26 13:36:02.301747
30,5528959142,sj5gn9y6,2025-10-26 14:05:32.301072
31,860880484,C1HaZgv,2025-10-26 14:51:05.530562
32,1900095658,psUZzHHN,2025-10-27 03:31:11.225844
33,1160330490,vwLnAb2A,2025-10-27 08:20:52.401678
34,7687148089,CVekcqEe,2025-10-28 07:04:15.608421
35,5101646706,Ncvab89e,2025-11-01 06:28:49.345245
36,443699588,IEVRwMxu,2025-11-03 16:56:04.485627
37,1185272640,WSyWeZ8,2025-11-04 09:14:44.777828
38,8305832016,nDgUaq9n,2025-11-04 11:12:55.562941
39,947319207,wrtD6z9,2025-11-04 13:31:41.816865
40,8050993162,IINOzZcD,2025-11-04 21:15:37.643013
41,7077500766,voUueLPf,2025-11-06 09:11:29.544542
42,6988676543,xC4Ynmlr,2025-11-06 09:31:01.869902
43,447326338,f53HJz6t,2025-11-06 10:37:09.351433
44,7576991727,zKDq9L7T,2025-11-06 15:34:36.587697
45,7896657527,CgNbZXML,2025-11-06 16:38:16.59918
46,8241359244,81ad7Mdj,2025-11-06 20:02:26.64753
47,8130205683,7mMgKXJI,2025-11-07 15:40:19.258178
48,8004852320,6n7MIb1F,2025-11-07 18:47:56.273681
49,8051618168,xMG7x0Vf,2025-11-08 14:45:13.265669
50,983952980,Lk9Xgfg,2025-11-09 07:53:37.591461
51,5344776599,TaxgjcxL,2025-11-09 18:33:43.487988
52,5180401369,jx5D7Dep,2025-11-09 20:51:59.843992
53,944411129,ExEcQOR,2025-11-10 16:34:02.742516
54,1526179026,P1xPrz,2025-11-10 21:32:36.959945
55,410221506,7VGskZE,2025-11-10 21:32:37.41835
56,463552790,PufKVnt2,2025-11-10 21:32:37.94961
57,149419786,BzdD2Ok,2025-11-10 21:32:38.277904
58,833138674,nMoWwecy,2025-11-10 21:32:38.63537
59,361144391,aBDtRxUK,2025-11-10 21:32:38.976157
60,1172599120,p9ryi9nO,2025-11-10 21:32:39.322687
61,1298168897,IUfrYm0R,2025-11-10 21:32:39.697738
62,58404908,nw4rmVQM,2025-11-10 21:32:40.10415
63,483173578,NW4eFQlI,2025-11-10 21:32:40.450937
64,313611699,OBvjUPdg,2025-11-10 21:32:40.796676
65,6291964895,9IDF2lYY,2025-11-10 21:32:41.18348
66,207901781,CkhrP7z,2025-11-10 21:32:41.861009
67,8054416746,xC5qq3GK,2025-11-10 21:32:42.243926
68,408990536,vasKKPex,2025-11-10 21:32:42.568032
69,770852063,Gwtyj750,2025-11-10 21:32:42.905087
70,455777544,EyoIxVC,2025-11-10 21:32:44.044696
71,5006456209,oobV4wrT,2025-11-10 21:32:44.428307
72,837003459,AhQfbcSo,2025-11-10 21:32:45.162464
73,5972363979,FOCohJne,2025-11-10 21:32:45.510498
74,7740640368,fkIsIg2I,2025-11-10 21:32:45.977163
75,81200968,PIVC0SKB,2025-11-10 21:32:46.505346
76,702559651,pdRQKf0,2025-11-10 21:32:46.83222
77,1139671708,PUqoHsg,2025-11-10 21:32:47.205739
78,544856579,eMIvDiYE,2025-11-10 21:32:47.537857
79,503538923,f67pcnd,2025-11-10 21:32:48.053526
80,504811170,S8RhaVSI,2025-11-10 21:32:48.599205
81,8076915277,TiezeszU,2025-11-10 21:32:49.055765
82,128752670,p5lFodH2,2025-11-10 21:32:49.379284
83,376134276,sfehxchW,2025-11-10 21:32:49.733609
84,1004781361,KzrebFj,2025-11-10 21:32:50.084472
85,1614220325,C45g14E7,2025-11-10 21:32:50.472362
86,773800711,iUcJtArQ,2025-11-10 21:32:50.812074
87,111140202,ndMO6dRr,2025-11-10 21:32:51.168406
88,662416161,9K5xXKC2,2025-11-10 21:32:51.540193
89,614537166,VhXkUpVf,2025-11-10 21:32:51.878692
90,468294038,jIDNV4Dd,2025-11-10 21:32:52.24383
91,700757193,5q2rvNSI,2025-11-10 21:32:52.598592
92,7684787997,bUlifaj5,2025-11-10 21:32:52.926895
93,1677628441,O3sPt3C4,2025-11-10 21:32:53.265683
94,7713223398,fwmUjkA2,2025-11-10 21:32:53.613277
95,1030739802,hnln0wa,2025-11-10 21:32:53.96489
96,458557429,oDZlyLvO,2025-11-10 21:32:54.302307
97,213228560,aln3o9u,2025-11-10 21:32:54.672513
98,137050207,8bQbwfW9,2025-11-10 21:32:55.04715
99,1123140396,HMc1b5I7,2025-11-10 21:32:55.393088
100,5312513017,L3yyFage,2025-11-10 21:32:55.73915
101,420427510,Wv3lPCda,2025-11-10 21:32:56.096319
102,1779737577,JqGteRqH,2025-11-10 21:32:56.468342
103,888880006,aj7Z7vHN,2025-11-10 21:32:57.162572
104,2102424973,367xNNWy,2025-11-10 21:32:58.618178
105,706358610,E3U2CKav,2025-11-10 21:32:59.090508
106,8323910016,HgLoO9sy,2025-11-10 21:32:59.543603
107,649324624,25PQdY7,2025-11-10 21:32:59.933127
108,602983339,8skOtUD,2025-11-10 21:33:00.628091
109,5030166891,Xjlr9eRF,2025-11-10 21:33:01.705768
110,2061337377,ifiOeAid,2025-11-10 21:33:02.025998
111,1063773269,qNjjQqyq,2025-11-10 21:33:02.458409
112,487443494,3xSMcOu,2025-11-10 21:33:02.938701
113,888880002,P9FBNq3,2025-11-10 21:33:03.320055
114,5200282667,C4YesBc,2025-11-10 21:33:03.65089
115,7725563277,D1PqUE6H,2025-11-10 21:33:04.399838
116,888880003,u8byptyK,2025-11-10 21:33:04.761751
117,888880004,c7FXZOtn,2025-11-10 21:33:05.098128
118,888880005,Dy3oMdyb,2025-11-10 21:33:05.495566
119,7207934859,bWkVQ8fi,2025-11-10 21:33:06.149191
120,8124554727,hkIpLfrP,2025-11-10 21:33:06.846805
121,7370382784,GyfQCs6f,2025-11-10 21:33:07.879111
122,37710207,OwtZJfj8,2025-11-10 21:33:08.337798
123,5031155837,qRxLnM9S,2025-11-10 21:33:09.705163
124,367140409,BB4zClBy,2025-11-10 21:33:10.388821
125,487405192,8dM4kuoQ,2025-11-10 21:33:10.793882
126,7085637980,B1RrSU7k,2025-11-10 21:33:11.499783
127,1004386735,FtsFcXI5,2025-11-10 21:33:11.82366
128,7553521587,30u7sZc,2025-11-10 21:33:12.528272
129,6881428425,4vTfd8wR,2025-11-10 21:33:12.876199
130,8372990116,aD6HRwlB,2025-11-10 21:33:13.21328
131,6424791267,1EDL3uyx,2025-11-10 21:33:13.533121
132,643937715,ooQJ5K5U,2025-11-10 21:33:13.862299
133,459451235,4lFjX9ja,2025-11-10 21:33:14.20098
134,6662881040,s6hyGnYt,2025-11-10 21:33:14.546639
135,990044881,OLATEU,2025-11-10 21:33:14.8854
136,7318558706,1OKhVs9W,2025-11-10 21:33:15.250426
137,6663773455,OEoE7CsF,2025-11-10 21:33:15.585278
138,7622861595,G5ZyHk33,2025-11-10 21:33:15.925285
139,1310219242,JH7K9hUb,2025-11-10 21:33:16.26122
140,6179882090,sZGMMr7,2025-11-10 21:33:16.585014
141,7134752455,RweShQ20,2025-11-10 21:33:16.912879
142,786317474,zUrzyohg,2025-11-10 21:33:17.253484
143,1705929900,WWIi9rbx,2025-11-10 21:33:17.578466
144,328972486,LFDPMDZ,2025-11-10 21:33:17.931998
145,7286111281,N46Ugcex,2025-11-10 21:33:18.316468
146,853112833,p1P6Lhh9,2025-11-10 21:33:18.995786
147,333833356,PeHA3CsW,2025-11-10 21:33:19.660647
148,6556242074,2dXPy69C,2025-11-10 21:33:20.003756
149,5945053382,dUprcniJ,2025-11-10 21:33:20.327917
150,6375221194,Dj9IkGAI,2025-11-10 21:33:21.048817
151,7836690571,ru2ps1Qb,2025-11-10 21:33:21.447311
152,8242480424,l48TrcL3,2025-11-10 21:33:22.229761
153,1195002618,RIUcNjdq,2025-11-10 21:33:22.585747
154,985496704,FyaCalME,2025-11-10 21:33:22.937716
155,768487595,notuyceD,2025-11-10 21:33:23.684247
156,431261187,QhOLjzbt,2025-11-10 21:33:24.036391
157,5221064403,I0j10aBZ,2025-11-10 21:33:24.397247
158,294850889,HypToH4g,2025-11-10 21:33:25.108069
159,5685406613,jll79M3,2025-11-10 21:33:25.847552
160,8348100845,I8LnL5Vt,2025-11-10 21:33:26.193382
161,7894757859,S2ZgvJJ1,2025-11-10 21:33:26.531059
162,6818757024,QeahdiNW,2025-11-10 21:33:26.870645
163,5322909236,nqnZXPrV,2025-11-10 21:33:27.814184
164,5265027750,7diQihi9,2025-11-10 21:33:28.257927
165,195500114,NDgiMYIP,2025-11-10 21:33:28.935414
166,359938915,NhBGOPSs,2025-11-10 21:33:29.327199
167,383876331,157avvYP,2025-11-10 21:33:29.677834
168,6308302242,RpHpOay,2025-11-10 21:33:30.025259
169,798848506,yL39NrsT,2025-11-10 21:33:30.394614
170,1906461412,X237onU,2025-11-10 21:33:30.829179
171,1165046540,gSZokvE,2025-11-10 21:33:31.281297
172,443541559,XKaHh2YX,2025-11-10 21:33:32.056249
173,905043608,ytnxgpKw,2025-11-10 21:33:32.579589
174,473550072,Jkh1iDv,2025-11-10 21:33:32.977183
175,104655587,AcjVSu,2025-11-10 21:33:33.922249
176,1449218096,W5Pn1T6g,2025-11-10 21:33:34.399357
177,787975401,xQchN5Aq,2025-11-10 21:33:34.760019
178,162528824,swhwwR6i,2025-11-10 21:33:35.112588
179,1850359702,2bQMsVDC,2025-11-10 21:33:35.44452
180,226665926,Hg2yUDUV,2025-11-10 21:33:35.793408
181,414478470,2JjKZZua,2025-11-10 21:33:36.141191
182,416781112,nKhU1HFm,2025-11-10 21:33:36.47199
183,5798579614,HjwMnCIG,2025-11-10 21:33:36.828656
184,1539658245,RGBAyrJ,2025-11-10 21:33:37.505762
185,80416245,L92yFV9,2025-11-10 21:33:38.213955
186,276696986,0F3cTA5i,2025-11-10 21:33:38.603993
187,865116974,rdm2ktD,2025-11-10 21:33:39.000867
188,7891545501,vgFhfG3g,2025-11-10 21:33:39.373689
189,161424780,Nuf7iSDD,2025-11-10 21:33:39.748341
190,1064649525,P8Erg9z0,2025-11-10 21:33:40.077247
191,5651703776,Flu6oxAM,2025-11-10 21:33:40.725713
192,1432675844,0cZf9k,2025-11-10 21:33:41.059908
193,957552128,qmi8bJ,2025-11-10 21:33:41.402541
194,1873068171,rrLCavPA,2025-11-10 21:33:42.477924
195,7741365571,fDmcuqo3,2025-11-10 21:33:42.831822
196,838982221,HiZ3AnaG,2025-11-10 21:33:43.201534
197,7834121489,F91Gq9AQ,2025-11-10 21:33:43.543379
198,283014558,JJXV6QF,2025-11-10 21:33:43.917935
199,5942585746,rpjkMiO,2025-11-10 21:33:44.253418
200,205521849,Fv49gVM6,2025-11-10 21:33:45.007811
201,966477548,KkknPUwm,2025-11-10 21:33:45.543169
202,851469402,mcwG6xzN,2025-11-10 21:33:45.876889
203,650752107,B2bS0Xze,2025-11-10 21:33:46.208514
204,924078337,7dVXUk88,2025-11-10 21:33:46.54888
205,909206477,gwDX3LgG,2025-11-10 21:33:46.894054
206,5157774887,OBQu9hg4,2025-11-10 21:33:47.224704
207,6542937019,0yPmZtqz,2025-11-10 21:33:47.545226
208,1602970372,Zs4k7AQ,2025-11-10 21:33:47.87047
209,7745160914,Ex60xsuH,2025-11-10 21:33:48.56482
210,991518827,C51HGRp,2025-11-10 21:33:48.892208
211,7994163787,E4f5aqkq,2025-11-10 21:33:49.244697
212,365561852,5Y7BBs19,2025-11-10 21:33:49.572569
213,1358227914,ovxXAif,2025-11-10 21:33:49.920343
214,399826589,4Tmxi9qg,2025-11-10 21:33:50.260566
215,205192814,v34aDsi3,2025-11-10 21:33:51.352974
216,397596958,jy0LZ7Tl,2025-11-10 21:33:51.710302
217,7785790330,wzteAZzY,2025-11-10 21:33:52.348548
218,7986747881,9LgEf9Kc,2025-11-10 21:33:52.687587
219,1542461394,91mZmfxS,2025-11-10 21:33:53.012156
220,6380442932,DRLbEctJ,2025-11-10 21:33:53.3628
221,1465928578,cWruBK6X,2025-11-10 21:33:53.704662
222,5015461224,Gsgve8Oj,2025-11-10 21:33:54.020461
223,7058611907,7eDjNuQL,2025-11-10 21:33:54.355189
224,7223611149,guHBzSSn,2025-11-10 21:33:54.674585
225,737895790,tGvWHSBw,2025-11-10 21:33:55.002615
226,886427622,6mJD6hCS,2025-11-10 21:33:55.670543
227,291702730,kpyQGnqn,2025-11-10 21:33:56.023465
228,8418469755,hFe0xe1W,2025-11-10 21:33:56.72525
229,616811877,8T0CkHbF,2025-11-10 21:33:57.052958
230,1463396546,YIAuW6wW,2025-11-10 21:33:57.510355
231,1330088399,Eibp5jGH,2025-11-10 21:33:57.855055
232,98663412,Mz7jiYsW,2025-11-10 21:33:58.201933
233,5254550966,J12u8J6T,2025-11-10 21:33:58.921093
234,896882809,ZeKfwVuo,2025-11-10 21:33:59.266163
235,8446398571,A1AP1Pa8,2025-11-10 21:33:59.662368
236,596430331,o8NAgm2,2025-11-10 21:34:00.037066
237,1396741099,nAbxGkt1,2025-11-10 21:34:00.407735
238,7888637414,AvU4hvvZ,2025-11-10 21:34:00.747129
239,465203170,VvHtWc9,2025-11-10 21:34:01.112877
240,875909874,tOq84AfD,2025-11-10 21:34:01.771238
241,997704738,Ut3iKv90,2025-11-10 21:34:02.375946
242,420824958,eIxs3ggM,2025-11-10 21:34:03.796353
243,5600726477,0ZHRbUaj,2025-11-10 21:34:04.123608
244,455635971,mWlVcg,2025-11-10 21:34:04.472347
245,938561046,8ZwInli,2025-11-10 21:34:04.815707
246,1360158636,uDBBqqvn,2025-11-10 21:34:05.5612
247,1151376110,xE7hVBL2,2025-11-10 21:34:05.913938
248,967237922,BaCZiuU1,2025-11-10 21:34:06.290457
249,5079129939,HlfqfWmK,2025-11-10 21:34:06.648952
250,476967361,wMjqDA26,2025-11-10 21:34:07.013741
251,762860699,NfpnbjYz,2025-11-10 21:34:07.47655
252,1288918043,E8NuFRGg,2025-11-10 21:34:07.858819
253,1076335325,OGu3Oei,2025-11-10 21:34:08.199368
254,509851891,1AsoLLWn,2025-11-10 21:34:08.539465
255,862809448,tBvRIU3l,2025-11-10 21:34:09.2541
256,1736900487,l1Naz5NQ,2025-11-10 21:34:09.624775
257,463459322,Xr3Nio,2025-11-10 21:34:09.988731
258,850832196,sq6pDMV,2025-11-10 21:34:10.332348
259,1287024525,grB2V4MF,2025-11-10 21:34:10.827193
260,979087145,k2Wio0L,2025-11-10 21:34:11.284996
261,7955698627,JGe8ZjVH,2025-11-10 21:34:11.631288
262,8261501490,BFBweo4M,2025-11-10 21:34:11.975051
263,5292329330,jYxf5wv,2025-11-10 21:34:12.310186
264,7676196842,UbPc1Xm9,2025-11-10 21:34:12.654511
265,8477776022,CvBAj9LR,2025-11-10 21:34:12.969784
266,724558385,cRXtiKg,2025-11-10 21:34:13.308946
267,433057136,E2efwxF7,2025-11-10 21:34:13.640324
268,7437016552,8IfndhjT,2025-11-10 21:34:13.965239
269,8293546839,itFoSiDd,2025-11-10 21:34:14.402991
270,7523695427,wxTNHjs5,2025-11-10 21:34:14.959754
271,1525418350,lD7dGgW,2025-11-10 21:34:16.115056
272,881488733,qi4OZhpX,2025-11-10 21:34:17.116484
273,1404722243,n2UN9aZi,2025-11-10 21:34:17.4633
274,533357181,TPGvughw,2025-11-10 21:34:17.820661
275,299514916,S6oMQxGy,2025-11-10 21:34:18.257317
276,1763053384,Rvs8GCG,2025-11-10 21:34:18.668881
277,352541220,rUMChzk,2025-11-10 21:34:18.994259
278,1059721178,mpWjuCh6,2025-11-10 21:34:19.338856
279,8227141997,IVt1WK3T,2025-11-10 21:34:19.696438
280,5923335859,Y0pfys24,2025-11-10 21:34:20.02569
281,1017511476,wW7LYqyn,2025-11-10 21:34:20.361598
282,5215104707,ygo5Hdi,2025-11-10 21:34:20.728032
283,7050704082,he7Tuhuw,2025-11-10 21:34:21.068214
284,884084380,2ZVDnuuU,2025-11-10 21:34:21.40967
285,970849915,Gf170O1,2025-11-12 07:56:16.618892
286,1246439220,uXqq2CRL,2025-11-12 20:16:37.976279
287,151941030,cWlQvrT,2025-11-13 08:35:24.044297
288,37734120,ziGfEZPp,2025-11-13 16:44:31.282704
289,331642518,YCDcqpYN,2025-11-14 05:43:10.034947
290,802144,bJBKgrN,2025-11-14 15:01:46.444665
291,236208886,cyI8NcNQ,2025-11-15 09:44:02.104905
292,1889501396,8yYXetxd,2025-11-16 12:35:49.061848
293,7377867757,FexmlkBP,2025-11-16 16:27:19.985799
294,61246157,z1aqhoKs,2025-11-17 15:16:43.2933
295,418263360,Auz7hr53,2025-11-18 06:37:44.179764
296,1006447011,Ny7Mw9CW,2025-11-20 22:50:39.619027
297,1173791042,oedcGpML,2025-11-20 23:11:40.641071
298,5121726923,JG8OGJg6,2025-11-22 16:33:21.244684
299,7770547136,IBPJZCah,2025-11-22 17:18:37.03778
300,2097427462,kMtjp3mh,2025-11-23 08:19:29.251459
301,1858659441,pTcyUea1,2025-11-23 15:39:58.283464
302,390816726,fA6duhIc,2025-11-24 14:52:17.483332
303,892210896,2feBlm,2025-11-24 17:29:14.004384
304,5803602454,3J4qZpE3,2025-11-24 17:45:50.375938
305,633550984,3V36YnP,2025-11-28 08:27:22.889944
306,928846664,wBMxECZ,2025-11-29 10:54:50.008635
307,478697091,qivEyIJ7,2025-11-30 12:55:19.643165
308,5834883771,NnbWWt4O,2025-11-30 23:16:08.226864
309,831340973,jHTD3CO7,2025-12-01 00:51:51.383436
310,7643993881,uaBm7UkZ,2025-12-01 15:48:38.780836
311,7274209841,VumclAkU,2025-12-03 10:14:09.743047
312,564653120,JWAYXlU,2025-12-03 20:32:11.694976
313,857924513,OyPkXciM,2025-12-04 09:39:12.659068
314,1252759054,oaEyOge,2025-12-04 23:02:36.112344
315,7500648493,Qx1siF1X,2025-12-05 00:02:02.97367
